{"accuracy": [0.5661853551864624, 0.8546980619430542, 0.911914050579071, 0.9397681355476379, 0.9528273940086365, 0.9643787145614624, 0.9715769290924072, 0.9748630523681641, 0.979898989200592, 0.9818621277809143], "loss": [1.4911705255508423, 0.460177481174469, 0.2727322280406952, 0.18389253318309784, 0.14028602838516235, 0.10687825828790665, 0.08621048927307129, 0.07416641712188721, 0.06156863644719124, 0.05704597756266594], "val_accuracy": [0.817493736743927, 0.9109947681427002, 0.9327908158302307, 0.9389369487762451, 0.9532779455184937, 0.9613589644432068, 0.9588549733161926, 0.9446847438812256, 0.9619280695915222, 0.965740978717804], "val_loss": [0.5686616897583008, 0.2791216969490051, 0.2046164572238922, 0.190419003367424, 0.14547862112522125, 0.12229093164205551, 0.14530013501644135, 0.19326674938201904, 0.1324765384197235, 0.10750917345285416]}